size,naive,better,blas
100,0.000960,0.000473,0.000244
200,0.008148,0.003976,0.000730
300,0.029296,0.011924,0.001720
400,0.140343,0.029789,0.009417
500,0.722235,0.077880,0.043593
600,1.524316,0.135463,0.047814
700,2.770664,0.229712,0.077259
800,4.756296,0.345429,0.126475
900,7.012149,0.531033,0.216004
1000,9.865802,0.678298,0.293843
